{"cameraMode":{"drawMode":0,"name":"Shaded","section":"Shading Mode"},"sceneLighting":true,"audioPlay":false,"sceneViewState":{"showFog":true,"showMaterialUpdate":false,"showSkybox":true,"showFlares":true,"showImageEffects":true,"showParticleSystems":true},"in2DMode":false,"pivot":{"x":3.8926010131835939,"y":7.892134666442871,"z":-7.8646931648254398},"rotation":{"x":0.0572902113199234,"y":-0.6032216548919678,"z":-0.04350714385509491,"w":-0.7943227887153626},"size":33.00739288330078,"orthographic":false}